source,platform,date,rating,title,text,url
ios,app_store,2025-02-01,2,启动变慢,更新后打开应用需要等待很久，希望优化启动速度。,https://example.invalid/reviews/i1
ios,app_store,2025-02-02,1,登录反复失败,"输入验证码后仍然回到登录页。
“试了三次还是进不去。”",https://example.invalid/reviews/i2
ios,app_store,2025-02-03,3,付费说明,订阅页面没有清楚说明自动续费，希望增加提示。,https://example.invalid/reviews/i3
ios,app_store,2025-02-04,2,播放卡顿,视频播放几分钟后开始卡顿，重新进入也没有改善。,https://example.invalid/reviews/i4
ios,app_store,2025-02-05,5,体验改善,这次更新后下载更稳定，页面也更清楚了。,https://example.invalid/reviews/i5
ios,app_store,2025-02-07,,无评分反馈,"希望支持深色模式。
“晚上使用时屏幕有些亮。”",https://example.invalid/reviews/i6
ios,app_store,2025-02-01,2,启动变慢,更新后打开应用需要等待很久，希望优化启动速度。,https://example.invalid/reviews/i1-duplicate
ios,app_store,2025-01-31,1,范围外记录,此条用于验证时间过滤。,https://example.invalid/reviews/i-out
android,market_a,2025-02-01,2,下载缓慢,下载速度变慢，希望优化。,https://example.invalid/reviews/a1
android,market_b,2025-02-01,2,下载缓慢,下载速度变慢，希望优化。,https://example.invalid/reviews/a2
android,market_a,2025-02-02,1,无法登录,登录按钮一直转圈，无法进入首页。,https://example.invalid/reviews/a3
android,market_c,2025-02-03,2,播放问题,部分视频只有声音没有画面，切换清晰度后恢复。,https://example.invalid/reviews/a4
android,market_b,2025-02-04,3,订阅与退款,希望在订阅页面直接说明退款流程。,https://example.invalid/reviews/a5
android,market_c,2025-02-05,1,闪退反馈,"点击下载列表后应用闪退。
“进度看不到，也不知道任务是否继续。”",https://example.invalid/reviews/a6
android,market_a,2025-02-06,5,稳定性提升,后台下载终于不会中断了，这个改进很实用。,https://example.invalid/reviews/a7
android,market_b,2025-02-07,,使用建议,希望能按文件类型筛选任务。,https://example.invalid/reviews/a8
android,market_a,2025-02-01,2,下载缓慢,下载速度变慢，希望优化。,https://example.invalid/reviews/a1-duplicate
android,market_c,2025-02-08,1,范围外记录,此条用于验证时间过滤。,https://example.invalid/reviews/a-out
external,forum_a,2025-02-01,,下载体验讨论,示例应用在后台下载时偶尔暂停，恢复后需要重新开始。,https://example.invalid/reviews/e1
external,forum_b,2025-02-02,,登录体验讨论,有帖子讨论验证码等待时间较长的问题。,https://example.invalid/reviews/e2
external,forum_a,2025-02-04,,付费说明讨论,订阅价格和权益说明可以更直观一些。,https://example.invalid/reviews/e3
external,forum_c,2025-02-06,,播放体验讨论,"“暂停后继续播放，会先跳回前面的画面。”
希望改善进度恢复。",https://example.invalid/reviews/e4
external,forum_b,2025-02-07,,正向体验讨论,新版界面清晰，查找下载任务更方便。,https://example.invalid/reviews/e5
external,forum_a,2025-01-30,,范围外记录,此条用于验证时间过滤。,https://example.invalid/reviews/e-out
customer_service,support,2025-02-01,,登录咨询,"用户：登录后又回到登录页。
客服：请先尝试重新打开应用。
用户：“重新打开后还是一样。”",https://example.invalid/reviews/c1
customer_service,support,2025-02-03,,订阅咨询,用户咨询重复扣费的处理方式，希望有清楚的查询入口。,https://example.invalid/reviews/c2
customer_service,support,2025-02-04,,播放咨询,用户反馈播放过程中出现黑屏，声音仍然正常。,https://example.invalid/reviews/c3
customer_service,support,2025-02-07,,下载咨询,"用户：后台下载没有完成。
“希望任务失败时能告诉我原因。”",https://example.invalid/reviews/c4
customer_service,support,2025-02-07,,性能咨询,打开任务列表有明显延迟，滚动时偶尔卡住。,https://example.invalid/reviews/c5
customer_service,support,2025-02-08,,范围外记录,此条用于验证时间过滤。,https://example.invalid/reviews/c-out
customer_service,support,,,缺日期记录,此条用于验证缺日期告警与排除规则。,https://example.invalid/reviews/c-no-date
